name,marketcap
Bitcoin,6.41899E+11
Ethereum,2.71029E+11
Tether,62333837884
Binance Coin,49241956385
Cardano,45301575642
XRP,30722840711
Dogecoin,30552518424
USD Coin,25673216976
Polkadot,15467724814
Uniswap,13155007434
